Timestamp,Force Data
1718922546,6.9125518798828125
1718922546,6.723480224609375
1718922546,6.644279479980469
1718922546,6.639167785644531
1718922546,6.65960693359375
1718922546,6.680046081542969
1718922546,6.705596923828125
1718922546,6.797576904296875
1718922546,6.966209411621094
1718922546,7.198707580566406
1718922546,7.497642517089844
1718922546,7.788917541503906
1718922546,8.118507385253906
1718922546,8.634620666503906
1718922546,9.222267150878906
1718922546,9.8048095703125
1718922546,10.451225280761719
1718922546,11.008216857910156
1718922546,11.322479248046875
1718922546,11.429794311523438
1718922546,11.348030090332031
1718922546,11.100196838378906
1718922546,10.793594360351562
1718922546,10.328582763671875
1718922546,9.738380432128906
1718922546,9.398567199707031
1718922546,9.260597229003906
1718922546,9.153282165527344
1718922546,9.12518310546875
1718922546,9.127738952636719
1718922546,9.107292175292969
1718922546,9.104743957519531
1718922546,9.122627258300781
1718922546,9.155838012695312
1718922546,9.242713928222656
1718922546,9.283592224121094
1718922546,9.237602233886719
1718922546,9.227378845214844
1718922546,9.281036376953125
1718922546,9.367904663085938
1718922546,9.52886962890625
1718922546,9.797142028808594
1718922546,10.167617797851562
1718922546,10.622413635253906
1718922546,11.097640991210938
1718922546,11.675071716308594
1718922546,12.1605224609375
1718922546,12.249946594238281
1718922546,11.989334106445312
1718922546,11.46044921875
1718922546,10.880462646484375
1718922546,10.287704467773438
1718922546,9.500762939453125
1718922546,8.412338256835938
1718922546,7.3162384033203125
1718922546,6.5803985595703125
1718922546,6.1204986572265625
1718922546,5.7525787353515625
1718922546,5.6094970703125
1718922546,5.5967254638671875
1718922546,5.282463073730469
1718922546,5.006523132324219
1718922546,5.098503112792969
1718922546,5.3565521240234375
1718922546,5.70147705078125
1718922546,5.939094543457031
1718922546,6.041297912597656
1718922546,6.506309509277344
1718922546,7.489982604980469
1718922546,8.437889099121094
1718922546,9.017868041992188
1718922546,9.347465515136719
1718922546,9.508430480957031
1718922546,9.459884643554688
1718922546,9.240158081054688
1718922546,8.984657287597656
1718922546,8.821136474609375
1718922546,8.647392272949219
1718922546,8.151725769042969
1718922546,7.410774230957031
1718922546,7.060737609863281
1718922546,7.318794250488281
1718922546,7.9984283447265625
1718922546,8.908004760742188
1718922546,10.180397033691406
1718922546,11.664848327636719
1718922546,12.901473999023438
1718922546,13.938796997070312
1718922546,14.345046997070312
1718922546,13.66796875
1718922546,12.518218994140625
1718922546,11.583091735839844
1718922546,11.286712646484375
1718922546,10.918792724609375
1718922546,9.495658874511719
1718922546,7.8604583740234375
1718922546,6.649383544921875
1718922546,5.967201232910156
1718922546,5.7525787353515625
1718922546,5.3310089111328125
1718922546,4.7510223388671875
1718922546,4.6769256591796875
1718922546,5.2466888427734375
1718922546,5.811347961425781
1718922546,5.92376708984375
1718922546,6.10772705078125
1718922546,6.542076110839844
1718922546,7.898780822753906
1718922546,10.791038513183594
1718922546,13.959243774414062
1718922546,17.030349731445312
1718922546,19.398834228515625
1718922546,20.433609008789062
1718922546,20.571578979492188
1718922546,19.96860122680664
1718922546,18.63233184814453
1718922546,16.70586395263672
1718922546,14.917366027832031
1718922546,13.634757995605469
1718922546,12.970458984375
1718922546,11.956123352050781
1718922546,10.44866943359375
1718922546,8.747039794921875
1718922546,6.58551025390625
1718922546,5.2006988525390625
1718922546,4.717803955078125
1718922546,4.112274169921875
1718922546,3.3253326416015625
1718922546,2.5946044921875
1718922546,2.3365478515625
1718922546,2.8398818969726562
1718922546,3.854217529296875
1718922546,4.508293151855469
1718922546,4.6667022705078125
1718922546,4.845558166503906
1718922546,5.093391418457031
1718922546,5.658042907714844
1718922546,5.95953369140625
1718922546,6.317237854003906
1718922546,7.369895935058594
1718922546,8.892677307128906
1718922546,10.722053527832031
1718922546,12.201400756835938
1718922546,12.553993225097656
1718922546,12.10430908203125
1718922546,11.358253479003906
1718922546,10.589195251464844
1718922546,10.124183654785156
1718922546,10.193168640136719
1718922546,10.489547729492188
1718922561,9.038307189941406
1718922561,7.9064483642578125
1718922561,6.677490234375
1718922561,5.77557373046875
1718922561,5.075508117675781
1718922561,4.314117431640625
1718922561,3.798004150390625
1718922561,3.504180908203125
1718922561,3.20013427734375
1718922561,2.9497451782226562
1718922561,2.916534423828125
1718922561,2.970184326171875
1718922561,3.0391693115234375
1718922561,3.218017578125
1718922561,3.4556350708007812
1718922561,3.6804733276367188
1718922561,4.002403259277344
1718922561,4.362663269042969
1718922561,4.6948089599609375
1718922561,5.029518127441406
1718922561,5.3386688232421875
1718922561,5.59161376953125
1718922561,6.0464019775390625
1718922561,6.680046081542969
1718922561,7.076072692871094
1718922561,7.122062683105469
1718922561,6.830787658691406
1718922561,6.220146179199219
1718922561,5.5686187744140625
1718922561,5.083168029785156
1718922561,4.72802734375
1718922561,4.4571990966796875
1718922561,4.255348205566406
1718922561,4.002403259277344
1718922561,3.6983642578125
1718922561,3.4633026123046875
1718922561,3.320220947265625
1718922561,3.2486801147460938
1718922561,3.1848068237304688
1718922561,3.0928268432617188
1718922561,2.988067626953125
1718922561,2.988067626953125
1718922561,3.0468368530273438
1718922561,3.1337051391601562
1718922561,3.2818984985351562
1718922561,3.338104248046875
1718922561,3.2486801147460938
1718922561,3.2870025634765625
1718922561,3.38409423828125
1718922561,3.3636550903320312
1718922561,3.2793426513671875
1718922561,3.1745834350585938
1718922561,3.0826034545898438
1718922561,3.0519485473632812
1718922561,3.27423095703125
1718922561,3.6166000366210938
1718922561,3.9768524169921875
1718922561,4.362663269042969
1718922561,4.7331390380859375
1718922561,5.134269714355469
1718922561,5.6248321533203125
1718922561,6.1256103515625
1718922561,6.577842712402344
1718922561,6.968757629394531
1718922561,7.2702484130859375
1718922561,7.502754211425781
1718922561,7.737815856933594
1718922561,7.909004211425781
1718922561,7.791473388671875
1718922561,7.405662536621094
1718922561,6.84356689453125
1718922561,6.18182373046875
1718922561,5.637603759765625
1718922561,5.244132995605469
1718922561,4.914543151855469
1718922561,4.643707275390625
1718922561,4.362663269042969
1718922561,4.0049591064453125
1718922561,3.7034683227539062
1718922561,3.5501708984375
1718922561,3.447967529296875
1718922561,3.355987548828125
1718922561,3.2410125732421875
1718922561,3.1209335327148438
1718922561,3.0315093994140625
1718922561,3.05450439453125
1718922561,3.136260986328125
1718922561,3.2333526611328125
1718922561,3.3687667846679688
1718922561,3.486297607421875
1718922561,3.45819091796875
1718922561,3.4096450805664062
1718922561,3.4658584594726562
1718922561,3.5067367553710938
1718922561,3.5195083618164062
1718922561,3.539947509765625
1718922561,3.5476150512695312
1718922561,3.4990692138671875
1718922561,3.5271759033203125
1718922561,3.5910491943359375
1718922561,3.723907470703125
1718922561,4.0279541015625
1718922561,4.352439880371094
1718922561,4.661598205566406
1718922561,4.973304748535156
1718922561,5.3897705078125
1718922561,5.8675537109375
1718922561,6.301902770996094
1718922561,6.715812683105469
1718922561,7.024971008300781
1718922561,7.099067687988281
1718922561,6.8946685791015625
1718922561,6.5344085693359375
1718922561,6.08984375
1718922561,5.566062927246094
1718922561,5.052513122558594
1718922561,4.600273132324219
1718922561,4.148040771484375
1718922561,3.815887451171875
1718922561,3.6498184204101562
1718922561,3.5246200561523438
1718922561,3.3738784790039062
1718922561,3.2129135131835938
1718922561,3.0928268432617188
1718922561,2.9497451782226562
1718922561,2.8475494384765625
1718922561,2.8475494384765625
1718922561,2.90631103515625
1718922561,2.9548568725585938
1718922561,2.952301025390625
1718922561,2.9446334838867188
1718922561,2.9293060302734375
1718922561,2.8526535034179688
1718922561,2.8373260498046875
1718922561,2.9267501831054688
1718922561,3.0212860107421875
1718922561,3.0774993896484375
1718922561,3.136260986328125
1718922561,3.2537918090820312
1718922561,3.3662109375
1718922561,3.4326400756835938
1718922561,3.6217117309570312
1718922561,3.9921875
1718922561,4.4290924072265625
1718922561,4.8506622314453125
1718922561,5.254356384277344
1718922561,5.622276306152344
1718922561,5.9084320068359375
1718922561,6.123054504394531
1718922561,6.3887786865234375
1718922576,6.713264465332031
1718922576,6.9713134765625
1718922576,7.104179382324219
1718922576,7.060737609863281
1718922576,6.807792663574219
1718922576,6.347892761230469
1718922576,5.729583740234375
1718922576,5.162376403808594
1718922576,4.766349792480469
1718922576,4.541511535644531
1718922576,4.406097412109375
1718922576,4.183807373046875
1718922576,3.8644332885742188
1718922576,3.522064208984375
1718922576,3.1950225830078125
1718922576,3.0366134643554688
1718922576,3.0468368530273438
1718922576,3.0749435424804688
1718922576,3.0851593017578125
1718922576,3.0979385375976562
1718922576,3.136260986328125
1718922576,3.1388168334960938
1718922576,3.0519485473632812
1718922576,2.988067626953125
1718922576,3.01617431640625
1718922576,3.062164306640625
1718922576,3.0979385375976562
1718922576,3.1107101440429688
1718922576,3.1285934448242188
1718922576,3.118377685546875
1718922576,3.0417251586914062
1718922576,2.9446334838867188
1718922576,2.9369735717773438
1718922576,3.01617431640625
1718922576,3.0979385375976562
1718922576,3.16436767578125
1718922576,3.3074493408203125
1718922576,3.504180908203125
1718922576,3.670257568359375
1718922576,3.7877883911132812
1718922576,3.9870758056640625
1718922576,4.3371124267578125
1718922576,4.699920654296875
1718922576,5.083168029785156
1718922576,5.471527099609375
1718922576,5.821563720703125
1718922576,6.105171203613281
1718922576,6.3044586181640625
1718922576,6.429656982421875
1718922576,6.605949401855469
1718922576,6.87933349609375
1718922576,7.109283447265625
1718922576,7.173164367675781
1718922576,7.04541015625
1718922576,6.697929382324219
1718922576,6.161376953125
1718922576,5.548179626464844
1718922576,5.0269622802734375
1718922576,4.6871490478515625
1718922576,4.4188690185546875
1718922576,4.1761474609375
1718922576,3.9691925048828125
1718922576,3.8031158447265625
1718922576,3.6677017211914062
1718922576,3.5067367553710938
1718922576,3.30999755859375
1718922576,3.1975784301757812
1718922576,3.1567001342773438
1718922576,3.1132659912109375
1718922576,3.0723876953125
1718922576,3.044281005859375
1718922576,3.0749435424804688
1718922576,3.1873626708984375
1718922576,3.3278884887695312
1718922576,3.302337646484375
1718922576,3.2359085083007812
1718922576,3.3074493408203125
1718922576,3.4019775390625
1718922576,3.5118484497070312
1718922576,3.7009124755859375
1718922576,3.964080810546875
1718922576,4.255348205566406
1718922576,4.5287322998046875
1718922576,4.776573181152344
1718922576,5.103607177734375
1718922576,5.548179626464844
1718922576,6.008079528808594
1718922576,6.427101135253906
1718922576,6.818016052246094
1718922576,7.1552734375
1718922576,7.428657531738281
1718922576,7.564079284667969
1718922576,7.433769226074219
1718922576,7.099067687988281
1718922576,6.7004852294921875
1718922576,6.278907775878906
1718922576,5.834342956542969
1718922576,5.397438049316406
1718922576,4.993743896484375
1718922576,4.63604736328125
1718922576,4.283454895019531
1718922576,3.9027633666992188
1718922576,3.5987167358398438
1718922576,3.3636550903320312
1718922576,3.1796951293945312
1718922576,3.0826034545898438
1718922576,3.0238418579101562
1718922576,2.998291015625
1718922576,2.970184326171875
1718922576,2.8858718872070312
1718922576,2.8143310546875
1718922576,2.8475494384765625
1718922576,2.9267501831054688
1718922576,2.9931793212890625
1718922576,3.0238418579101562
1718922576,3.0366134643554688
1718922576,3.0596084594726562
1718922576,3.0519485473632812
1718922576,2.9752960205078125
1718922576,2.9267501831054688
1718922576,3.026397705078125
1718922576,3.2818984985351562
1718922576,3.5706100463867188
1718922576,3.8388824462890625
1718922576,4.173591613769531
1718922576,4.5108489990234375
1718922576,4.827667236328125
1718922576,5.1470489501953125
1718922576,5.512413024902344
1718922576,5.910987854003906
1718922576,6.2763519287109375
1718922576,6.588066101074219
1718922576,6.864006042480469
1718922576,7.1143951416015625
1718922576,7.318794250488281
1718922576,7.410774230957031
1718922576,7.311134338378906
1718922576,7.104179382324219
1718922576,6.805244445800781
1718922576,6.375999450683594
1718922576,5.864997863769531
1718922576,5.313117980957031
1718922576,4.8506622314453125
1718922576,4.469970703125
1718922576,4.094383239746094
1718922576,3.8005599975585938
1718922576,3.6038284301757812
1718922576,3.4607467651367188
1718922576,3.2921142578125
1718922576,3.1567001342773438
1718922591,3.0877151489257812
1718922591,2.998291015625
1718922591,2.916534423828125
1718922591,2.9088668823242188
1718922591,2.9625244140625
1718922591,3.0238418579101562
1718922591,3.05450439453125
1718922591,3.062164306640625
1718922591,3.0672760009765625
1718922591,3.0596084594726562
1718922591,2.998291015625
1718922591,2.9650726318359375
1718922591,3.0468368530273438
1718922591,3.23846435546875
1718922591,3.468414306640625
1718922591,3.6830291748046875
1718922591,3.9615249633789062
1718922591,4.293678283691406
1718922591,4.600273132324219
1718922591,4.886436462402344
1718922591,5.259468078613281
1718922591,5.696372985839844
1718922591,6.08984375
1718922591,6.447540283203125
1718922591,6.76947021484375
1718922591,7.017303466796875
1718922591,7.185935974121094
1718922591,7.242149353027344
1718922591,7.157829284667969
1718922591,6.991752624511719
1718922591,6.7515869140625
1718922591,6.4066619873046875
1718922591,6.008079528808594
1718922591,5.635047912597656
1718922591,5.2390289306640625
1718922591,4.809783935546875
1718922591,4.416313171386719
1718922591,4.1250457763671875
1718922591,3.9053192138671875
1718922591,3.723907470703125
1718922591,3.5884933471679688
1718922591,3.4837417602539062
1718922591,3.3892059326171875
1718922591,3.2818984985351562
1718922591,3.146484375
1718922591,3.0672760009765625
1718922591,3.108154296875
1718922591,3.1745834350585938
1718922591,3.2154693603515625
1718922591,3.2359085083007812
1718922591,3.264007568359375
1718922591,3.264007568359375
1718922591,3.2154693603515625
1718922591,3.1669235229492188
1718922591,3.2256851196289062
1718922591,3.3662109375
1718922591,3.47607421875
1718922591,3.5552825927734375
1718922591,3.67791748046875
1718922591,3.88232421875
1718922591,4.130157470703125
1718922591,4.34222412109375
1718922591,4.5747222900390625
1718922591,4.919647216796875
1718922591,5.3207855224609375
1718922591,5.6708221435546875
1718922591,5.969757080078125
1718922591,6.2865753173828125
1718922591,6.595733642578125
1718922591,6.82568359375
1718922591,6.95343017578125
1718922591,7.070960998535156
1718922591,7.196159362792969
1718922591,7.191047668457031
1718922591,6.963653564453125
1718922591,6.519081115722656
1718922591,5.987640380859375
1718922591,5.489418029785156
1718922591,4.973304748535156
1718922591,4.533843994140625
1718922591,4.2272491455078125
1718922591,3.9691925048828125
1718922591,3.7545700073242188
1718922591,3.5757217407226562
1718922591,3.4147567749023438
1718922591,3.228240966796875
1718922591,3.0315093994140625
1718922591,2.9190826416015625
1718922591,2.9037551879882812
1718922591,2.9190826416015625
1718922591,2.94207763671875
1718922591,2.9446334838867188
1718922591,2.9497451782226562
1718922591,2.9599685668945312
1718922591,2.916534423828125
1718922591,2.8398818969726562
1718922591,2.83221435546875
1718922591,2.896087646484375
1718922591,2.9650726318359375
1718922591,2.9957351684570312
1718922591,3.0008468627929688
1718922591,3.0238418579101562
1718922591,3.0647201538085938
1718922591,3.0723876953125
1718922591,3.09027099609375
1718922591,3.2512359619140625
1718922591,3.514404296875
1718922591,3.798004150390625
1718922591,4.1352691650390625
1718922591,4.4929656982421875
1718922591,4.8608856201171875
1718922591,5.244132995605469
1718922591,5.566062927246094
1718922591,5.824119567871094
1718922591,6.1843719482421875
1718922591,6.6187286376953125
1718922591,6.963653564453125
1718922591,7.196159362792969
1718922591,7.382667541503906
1718922591,7.5001983642578125
1718922591,7.50531005859375
1718922591,7.293243408203125
1718922591,6.881889343261719
1718922591,6.460319519042969
1718922591,6.100059509277344
1718922591,5.747467041015625
1718922591,5.3667755126953125
1718922591,4.996299743652344
1718922591,4.623268127441406
1718922591,4.214469909667969
1718922591,3.8516616821289062
1718922591,3.624267578125
1718922591,3.4888534545898438
1718922591,3.3994293212890625
1718922591,3.2921142578125
1718922591,3.210357666015625
1718922591,3.1796951293945312
1718922591,3.09027099609375
1718922591,3.0136184692382812
1718922591,3.0315093994140625
1718922591,3.0953826904296875
1718922591,3.1567001342773438
1718922591,3.172027587890625
1718922591,3.172027587890625
1718922591,3.1771392822265625
1718922591,3.1592559814453125
1718922591,3.0928268432617188
1718922591,3.0647201538085938
1718922591,3.1694793701171875
1718922591,3.3738784790039062
1718922606,3.8235549926757812
1718922606,4.140373229980469
1718922606,4.477638244628906
1718922606,4.789344787597656
1718922606,5.103607177734375
1718922606,5.4868621826171875
1718922606,5.910987854003906
1718922606,6.3095703125
1718922606,6.595733642578125
1718922606,6.927879333496094
1718922606,7.231925964355469
1718922606,7.507865905761719
1718922606,7.704597473144531
1718922606,7.7761383056640625
1718922606,7.7403717041015625
1718922606,7.57940673828125
1718922606,7.275360107421875
1718922606,6.8486785888671875
1718922606,6.3606719970703125
1718922606,5.8828887939453125
1718922606,5.351448059082031
1718922606,4.8251190185546875
1718922606,4.4469757080078125
1718922606,4.173591613769531
1718922606,3.9308624267578125
1718922606,3.6983642578125
1718922606,3.5092926025390625
1718922606,3.3151092529296875
1718922606,3.1055984497070312
1718922606,2.9650726318359375
1718922606,2.9267501831054688
1718922606,2.9548568725585938
1718922606,2.9957351684570312
1718922606,3.01617431640625
1718922606,3.0289535522460938
1718922606,3.0698318481445312
1718922606,3.1311492919921875
1718922606,3.1694793701171875
1718922606,3.2946701049804688
1718922606,3.5348434448242188
1718922606,3.8031158447265625
1718922606,4.1148223876953125
1718922606,4.441864013671875
1718922606,4.8021240234375
1718922606,5.205810546875
1718922606,5.5865020751953125
1718922606,5.877777099609375
1718922606,6.1486053466796875
1718922606,6.416877746582031
1718922606,6.54974365234375
1718922606,6.465423583984375
1718922606,6.215034484863281
1718922606,5.893104553222656
1718922606,5.51751708984375
1718922606,5.0550689697265625
1718922606,4.6181640625
1718922606,4.2987823486328125
1718922606,4.01007080078125
1718922606,3.7494583129882812
1718922606,3.5373992919921875
1718922606,3.3610992431640625
1718922606,3.2205734252929688
1718922606,3.12603759765625
1718922606,3.0110626220703125
1718922606,2.9369735717773438
1718922606,2.9625244140625
1718922606,3.01617431640625
1718922606,3.0570526123046875
1718922606,3.0723876953125
1718922606,3.0774993896484375
1718922606,3.0826034545898438
1718922606,3.0672760009765625
1718922606,3.0008468627929688
1718922606,2.9599685668945312
1718922606,3.0366134643554688
1718922606,3.2359085083007812
1718922606,3.5016250610351562
1718922606,3.8209991455078125
1718922606,4.196586608886719
1718922606,4.551727294921875
1718922606,4.8966522216796875
1718922606,5.22369384765625
1718922606,5.5865020751953125
1718922606,6.005523681640625
1718922606,6.4066619873046875
1718922606,6.7566986083984375
1718922606,7.053077697753906
1718922606,7.352012634277344
1718922606,7.599845886230469
1718922606,7.7122650146484375
1718922606,7.696937561035156
1718922606,7.5742950439453125
1718922606,7.3392333984375
1718922606,6.9764251708984375
1718922606,6.501197814941406
1718922606,6.008079528808594
1718922606,5.558403015136719
1718922606,5.098503112792969
1718922606,4.661598205566406
1718922606,4.3268890380859375
1718922606,4.0611724853515625
1718922606,3.836334228515625
1718922606,3.6549224853515625
1718922606,3.5118484497070312
1718922606,3.3815383911132812
1718922606,3.2359085083007812
1718922606,3.100494384765625
1718922606,3.0493927001953125
1718922606,3.0826034545898438
1718922606,3.1413726806640625
1718922606,3.1745834350585938
1718922606,3.1796951293945312
1718922606,3.192474365234375
1718922606,3.1873626708984375
1718922606,3.1285934448242188
1718922606,3.0851593017578125
1718922606,3.1822509765625
1718922606,3.3917617797851562
1718922606,3.6293792724609375
1718922606,3.8848724365234375
1718922606,4.1812591552734375
1718922606,4.498077392578125
1718922606,4.8148956298828125
1718922606,5.095947265625
1718922606,5.3769989013671875
1718922606,5.719367980957031
1718922606,6.03363037109375
1718922606,6.245697021484375
1718922606,6.2354736328125
1718922606,6.0157470703125
1718922606,5.7346954345703125
1718922606,5.4127655029296875
1718922606,4.986083984375
1718922606,4.577278137207031
1718922606,4.278343200683594
1718922606,4.012626647949219
1718922606,3.7750091552734375
1718922606,3.560394287109375
1718922606,3.3610992431640625
1718922606,3.20013427734375
1718922606,3.0826034545898438
1718922606,2.9676284790039062
1718922606,2.8756484985351562
1718922606,2.860321044921875
1718922606,2.9037551879882812
1718922606,2.9625244140625
1718922606,2.9931793212890625
1718922606,3.0034027099609375
1718922606,3.0468368530273438
1718922606,3.1311492919921875
1718922621,3.2026901245117188
1718922621,3.3227767944335938
1718922621,3.5654983520507812
1718922621,3.8772125244140625
1718922621,4.219581604003906
1718922621,4.5491790771484375
1718922621,4.8787689208984375
1718922621,5.249244689941406
1718922621,5.601837158203125
1718922621,5.893104553222656
1718922621,6.135833740234375
1718922621,6.416877746582031
1718922621,6.795021057128906
1718922621,7.193603515625
1718922621,7.581962585449219
1718922621,7.967765808105469
1718922621,8.506874084472656
1718922621,9.342353820800781
1718922621,9.901901245117188
1718922621,9.751152038574219
1718922621,9.14306640625
1718922621,8.289695739746094
1718922621,7.387779235839844
1718922621,6.531852722167969
1718922621,5.803680419921875
1718922621,5.221138000488281
1718922621,4.738243103027344
1718922621,4.370323181152344
1718922621,4.19403076171875
1718922621,4.173591613769531
1718922621,4.1378173828125
1718922621,4.020294189453125
1718922621,3.854217529296875
1718922621,3.7009124755859375
1718922621,3.5527267456054688
1718922621,3.34832763671875
1718922621,3.1669235229492188
1718922621,3.0953826904296875
1718922621,3.0749435424804688
1718922621,3.0698318481445312
1718922621,3.0723876953125
1718922621,3.2078018188476562
1718922621,3.5425033569335938
1718922621,3.9691925048828125
1718922621,4.4009857177734375
1718922621,4.817451477050781
1718922621,5.290122985839844
1718922621,5.750022888183594
1718922621,6.140937805175781
1718922621,6.496086120605469
1718922621,6.7745819091796875
1718922621,6.874229431152344
1718922621,6.851234436035156
1718922621,6.8563385009765625
1718922621,6.7183685302734375
1718922621,6.447540283203125
1718922621,6.225257873535156
1718922621,5.962089538574219
1718922621,5.727027893066406
1718922621,5.387214660644531
1718922621,4.738243103027344
1718922621,4.10205078125
1718922621,3.8209991455078125
1718922621,3.9896316528320312
1718922621,4.669258117675781
1718922621,5.803680419921875
1718922621,7.237037658691406
1718922621,8.890121459960938
1718922621,10.492103576660156
1718922621,11.838592529296875
1718922621,13.156967163085938
1718922621,14.324607849121094
1718922621,15.083442687988281
1718922621,15.423255920410156
1718922621,15.310836791992188
1718922621,15.006790161132812
1718922621,14.86370849609375
1718922621,14.853492736816406
1718922621,14.858596801757812
1718922621,14.850936889648438
1718922621,14.8458251953125
1718922621,14.838157653808594
1718922621,15.040008544921875
1718922621,15.640426635742188
1718922621,16.174423217773438
1718922621,16.30217742919922
1718922621,16.24596405029297
1718922621,16.15398406982422
1718922621,16.082443237304688
1718922621,15.929145812988281
1718922621,15.809059143066406
1718922621,15.849937438964844
1718922621,15.883155822753906
1718922621,15.888267517089844
1718922621,15.885711669921875
1718922621,15.878044128417969
1718922621,15.860160827636719
1718922621,15.824386596679688
1718922621,15.773292541503906
1718922621,15.614883422851562
1718922621,15.482017517089844
1718922621,15.515235900878906
1718922621,15.561225891113281
1718922621,15.596992492675781
1718922621,15.635322570800781
1718922621,15.676200866699219
1718922621,15.745185852050781
1718922621,15.844833374023438
1718922621,15.929145812988281
1718922621,15.878044128417969
1718922621,15.724746704101562
1718922621,15.668533325195312
1718922621,15.694084167480469
1718922621,15.714523315429688
1718922621,15.732406616210938
1718922621,15.752853393554688
1718922621,15.778396606445312
1718922621,15.796287536621094
1718922621,15.788619995117188
1718922621,15.711967468261719
1718922621,15.548446655273438
1718922621,15.466690063476562
1718922621,15.505012512207031
1718922621,15.538230895996094
1718922621,15.556114196777344
1718922621,15.576553344726562
1718922621,15.602104187011719
1718922621,15.632766723632812
1718922621,15.635322570800781
1718922621,15.5458984375
1718922621,15.402816772460938
1718922621,15.407928466796875
1718922621,15.520347595214844
1718922621,15.56378173828125
1718922621,15.573997497558594
1718922621,15.586776733398438
1718922621,15.604660034179688
1718922621,15.614883422851562
1718922621,15.584220886230469
1718922621,15.4718017578125
1718922621,15.390037536621094
1718922621,15.418144226074219
1718922621,15.446250915527344
1718922621,15.45391845703125
1718922621,15.484573364257812
1718922621,15.533119201660156
1718922621,15.548446655273438
1718922621,15.530563354492188
1718922621,15.41558837890625
1718922621,15.313392639160156
1718922636,15.338943481445312
1718922636,15.384933471679688
1718922636,15.402816772460938
1718922636,15.41558837890625
1718922636,15.441139221191406
1718922636,15.451362609863281
1718922636,15.436027526855469
1718922636,15.331275939941406
1718922636,15.241851806640625
1718922636,15.272506713867188
1718922636,15.321052551269531
1718922636,15.344047546386719
1718922636,15.364486694335938
1718922636,15.400260925292969
1718922636,15.407928466796875
1718922636,15.367042541503906
1718922636,15.262290954589844
1718922636,15.218856811523438
1718922636,15.259735107421875
1718922636,15.285285949707031
1718922636,15.30572509765625
1718922636,15.338943481445312
1718922636,15.377265930175781
1718922636,15.384933471679688
1718922636,15.300613403320312
1718922636,15.19586181640625
1718922636,15.206077575683594
1718922636,15.254623413085938
1718922636,15.267402648925781
1718922636,15.290397644042969
1718922636,15.338943481445312
1718922636,15.367042541503906
1718922636,15.336387634277344
1718922636,15.234184265136719
1718922636,15.177978515625
1718922636,15.254623413085938
1718922636,15.3619384765625
1718922636,15.430923461914062
1718922636,15.461578369140625
1718922636,15.505012512207031
1718922636,15.543342590332031
1718922636,15.476913452148438
1718922636,15.331275939941406
1718922636,15.298057556152344
1718922636,15.336387634277344
1718922636,15.349159240722656
1718922636,15.3619384765625
1718922636,15.390037536621094
1718922636,15.407928466796875
1718922636,15.392593383789062
1718922636,15.280174255371094
1718922636,15.177978515625
1718922636,15.200973510742188
1718922636,15.246963500976562
1718922636,15.272506713867188
1718922636,15.308280944824219
1718922636,15.364486694335938
1718922636,15.392593383789062
1718922636,15.356826782226562
1718922636,15.234184265136719
1718922636,15.165199279785156
1718922636,15.2137451171875
1718922636,15.257179260253906
1718922636,15.282730102539062
1718922636,15.315948486328125
1718922636,15.356826782226562
1718922636,15.364486694335938
1718922636,15.292953491210938
1718922636,15.165199279785156
1718922636,15.131988525390625
1718922636,15.183082580566406
1718922636,15.211189270019531
1718922636,15.23162841796875
1718922636,15.262290954589844
1718922636,15.298057556152344
1718922636,15.300613403320312
1718922636,15.211189270019531
1718922636,15.101325988769531
1718922636,15.108993530273438
1718922636,15.172866821289062
1718922636,15.203521728515625
1718922636,15.229072570800781
1718922636,15.259735107421875
1718922636,15.292953491210938
1718922636,15.290397644042969
1718922636,15.193305969238281
1718922636,15.083442687988281
1718922636,15.088546752929688
1718922636,15.137092590332031
1718922636,15.15753173828125
1718922636,15.183082580566406
1718922636,15.218856811523438
1718922636,15.24951171875
1718922636,15.241851806640625
1718922636,15.144760131835938
1718922636,15.024673461914062
1718922636,15.02978515625
1718922636,15.083442687988281
1718922636,15.101325988769531
1718922636,15.114097595214844
1718922636,15.147315979003906
1718922636,15.185638427734375
1718922636,15.177978515625
1718922636,15.070663452148438
1718922636,14.93780517578125
1718922636,14.922477722167969
1718922636,14.97357177734375
1718922636,15.006790161132812
1718922636,15.040008544921875
1718922636,15.070663452148438
1718922636,15.096214294433594
1718922636,15.1038818359375
1718922636,15.019561767578125
1718922636,14.891815185546875
1718922636,14.868820190429688
1718922636,14.909698486328125
1718922636,14.930137634277344
1718922636,14.948028564453125
1718922636,14.978683471679688
1718922636,15.019561767578125
1718922636,15.034896850585938
1718922636,14.963356018066406
1718922636,14.850936889648438
1718922636,14.822830200195312
1718922636,14.858596801757812
1718922636,14.881591796875
1718922636,14.90203857421875
1718922636,14.935249328613281
1718922636,14.968467712402344
1718922636,14.978683471679688
1718922636,14.935249328613281
1718922636,14.830497741699219
1718922636,14.781951904296875
1718922636,14.815162658691406
1718922636,14.843269348144531
1718922636,14.861152648925781
1718922636,14.884147644042969
1718922636,14.917366027832031
1718922636,14.932693481445312
1718922636,14.90203857421875
1718922636,14.804946899414062
1718922636,14.741073608398438
1718922636,14.771728515625
1718922636,14.804946899414062
1718922636,14.825386047363281
1718922636,14.8458251953125
1718922636,14.876487731933594
1718922636,14.889259338378906
1718922636,14.866264343261719
1718922636,14.761512756347656
1718922651,14.674636840820312
1718922651,14.710411071777344
1718922651,14.761512756347656
1718922651,14.784507751464844
1718922651,14.807502746582031
1718922651,14.833053588867188
1718922651,14.843269348144531
1718922651,14.820274353027344
1718922651,14.712966918945312
1718922651,14.638870239257812
1718922651,14.682304382324219
1718922651,14.730850219726562
1718922651,14.756401062011719
1718922651,14.781951904296875
1718922651,14.794723510742188
1718922651,14.774284362792969
1718922651,14.661865234375
1718922651,14.002677917480469
1718922651,13.108428955078125
1718922651,12.801826477050781
1718922651,12.7864990234375
1718922651,12.625534057617188
1718922651,12.403244018554688
1718922651,12.242279052734375
1718922651,12.0123291015625
1718922651,11.5703125
1718922651,10.775711059570312
1718922651,9.564643859863281
1718922651,8.052078247070312
1718922651,6.570182800292969
1718922651,5.3667755126953125
1718922651,4.388214111328125
1718922651,3.624267578125
1718922651,3.0698318481445312
1718922651,2.7070236206054688
1718922651,2.528167724609375
1718922651,2.4694061279296875
1718922651,2.436187744140625
1718922651,2.4540786743164062
1718922651,2.5946044921875
1718922651,2.8552093505859375
1718922651,3.1592559814453125
1718922651,3.6166000366210938
1718922651,4.360107421875
1718922651,5.2006988525390625
1718922651,5.969757080078125
1718922651,6.708152770996094
1718922651,7.4363250732421875
1718922651,8.164497375488281
1718922651,8.908004760742188
1718922651,9.689834594726562
1718922651,10.530433654785156
1718922651,11.335258483886719
1718922651,12.019996643066406
1718922651,12.69451904296875
1718922651,13.294937133789062
1718922651,13.596427917480469
1718922651,13.432907104492188
1718922651,12.983230590820312
1718922651,12.487564086914062
1718922651,11.945899963378906
1718922651,11.358253479003906
1718922651,10.709281921386719
1718922651,10.016876220703125
1718922651,9.281036376953125
1718922651,8.611625671386719
1718922651,8.0750732421875
1718922651,7.617729187011719
1718922651,7.129722595214844
1718922651,6.611061096191406
1718922651,6.10772705078125
1718922651,5.627388000488281
1718922651,5.2288055419921875
1718922651,4.978416442871094
1718922651,4.8046722412109375
1718922651,4.6667022705078125
1718922651,4.5670623779296875
1718922651,4.490409851074219
1718922651,4.4367523193359375
1718922651,4.388214111328125
1718922651,4.339668273925781
1718922651,4.3549957275390625
1718922651,4.4827423095703125
1718922651,4.725471496582031
1718922651,5.11383056640625
1718922651,5.6069488525390625
1718922651,6.1128387451171875
1718922651,6.623832702636719
1718922651,7.093955993652344
1718922651,7.472099304199219
1718922651,7.8783416748046875
1718922651,8.412338256835938
1718922651,8.946327209472656
1718922651,9.406227111816406
1718922651,9.815032958984375
1718922651,10.198280334472656
1718922651,10.502326965332031
1718922651,10.576423645019531
1718922651,10.297927856445312
1718922651,9.855911254882812
1718922651,9.452217102050781
1718922651,9.005096435546875
1718922651,8.414894104003906
1718922651,7.788917541503906
1718922651,7.267692565917969
1718922651,6.7643585205078125
1718922651,6.171600341796875
1718922651,5.635047912597656
1718922651,5.2645721435546875
1718922651,4.950309753417969
1718922651,4.684593200683594
1718922651,4.4929656982421875
1718922651,4.3447723388671875
1718922651,4.130157470703125
1718922651,3.8950958251953125
1718922651,3.7213592529296875
1718922651,3.6395950317382812
1718922651,3.652374267578125
1718922651,3.6932525634765625
1718922651,3.7545700073242188
1718922651,3.86187744140625
1718922651,4.058616638183594
1718922651,4.3447723388671875
1718922651,4.692253112792969
1718922651,5.0908355712890625
1718922651,5.6248321533203125
1718922651,6.29168701171875
1718922651,6.907440185546875
1718922651,7.456764221191406
1718922651,7.9600982666015625
1718922651,8.437889099121094
1718922651,8.854347229003906
1718922651,9.148178100585938
1718922651,9.232490539550781
1718922651,9.058753967285156
1718922651,8.744483947753906
1718922651,8.340797424316406
1718922651,7.89111328125
1718922651,7.403114318847656
1718922651,6.864006042480469
1718922651,6.2967987060546875
1718922651,5.7346954345703125
1718922651,5.2288055419921875
1718922651,4.845558166503906
1718922651,4.5849456787109375
1718922651,4.34222412109375
1718922651,4.071388244628906
1718922651,3.8235549926757812
1718922651,3.631927490234375
1718922651,3.5016250610351562
1718922666,3.3329925537109375
1718922666,3.1745834350585938
1718922666,3.108154296875
1718922666,3.0979385375976562
1718922666,3.1337051391601562
1718922666,3.1975784301757812
1718922666,3.320220947265625
1718922666,3.486297607421875
1718922666,3.6677017211914062
1718922666,3.8772125244140625
1718922666,4.201698303222656
1718922666,4.669258117675781
1718922666,5.2109222412109375
1718922666,5.7449188232421875
1718922666,6.227813720703125
1718922666,6.7004852294921875
1718922666,7.111839294433594
1718922666,7.349456787109375
1718922666,7.479759216308594
1718922666,7.456764221191406
1718922666,7.3392333984375
1718922666,7.1143951416015625
1718922666,6.800132751464844
1718922666,6.4066619873046875
1718922666,5.985084533691406
1718922666,5.5609588623046875
1718922666,5.116386413574219
1718922666,4.7510223388671875
1718922666,4.536399841308594
1718922666,4.3831024169921875
1718922666,4.260459899902344
1718922666,4.1761474609375
1718922666,4.1250457763671875
1718922666,4.086723327636719
1718922666,4.0330657958984375
1718922666,3.9334182739257812
1718922666,3.8772125244140625
1718922666,3.9385299682617188
1718922666,4.0228424072265625
1718922666,4.0688323974609375
1718922666,4.086723327636719
1718922666,4.0969390869140625
1718922666,4.0969390869140625
1718922666,4.063728332519531
1718922666,4.007514953613281
1718922666,4.0611724853515625
1718922666,4.3090057373046875
1718922666,4.669258117675781
1718922666,5.070396423339844
1718922666,5.5609588623046875
1718922666,6.153717041015625
1718922666,6.830787658691406
1718922666,7.497642517089844
1718922666,8.054634094238281
1718922666,8.552864074707031
1718922666,8.9591064453125
1718922666,9.14306640625
1718922666,9.005096435546875
1718922666,8.644844055175781
1718922666,8.207939147949219
1718922666,7.7071533203125
1718922666,7.1246185302734375
1718922666,6.5727386474609375
1718922666,6.1307220458984375
1718922666,5.750022888183594
1718922666,5.387214660644531
1718922666,5.0346221923828125
1718922666,4.7331390380859375
1718922666,4.477638244628906
1718922666,4.2119140625
1718922666,4.012626647949219
1718922666,3.953857421875
1718922666,3.9717483520507812
1718922666,4.0279541015625
1718922666,4.0611724853515625
1718922666,4.1250457763671875
1718922666,4.306449890136719
1718922666,4.623268127441406
1718922666,5.065284729003906
1718922666,5.6069488525390625
1718922666,6.161376953125
1718922666,6.713264465332031
1718922666,7.275360107421875
1718922666,7.9600982666015625
1718922666,8.726600646972656
1718922666,9.357688903808594
1718922666,9.751152038574219
1718922666,9.983657836914062
1718922666,10.139518737792969
1718922666,10.037315368652344
1718922666,9.674507141113281
1718922666,9.114959716796875
1718922666,8.366348266601562
1718922666,7.67138671875
1718922666,7.037742614746094
1718922666,6.432212829589844
1718922666,5.9774169921875
1718922666,5.711700439453125
1718922666,5.737251281738281
1718922666,6.105171203613281
1718922666,6.690269470214844
1718922666,7.306022644042969
1718922666,7.7301483154296875
1718922666,8.008644104003906
1718922666,8.156837463378906
1718922666,7.783805847167969
1718922666,7.275360107421875
1718922666,7.10162353515625
1718922666,7.024971008300781
1718922666,6.899772644042969
1718922666,6.570182800292969
1718922666,6.0285186767578125
1718922666,5.5507354736328125
1718922666,5.198143005371094
1718922666,4.899208068847656
1718922666,4.955421447753906
1718922666,5.7065887451171875
1718922666,6.950874328613281
1718922666,8.611625671386719
1718922666,10.5406494140625
1718922666,12.54632568359375
1718922666,14.375701904296875
1718922666,15.428367614746094
1718922666,15.108993530273438
1718922666,13.075210571289062
1718922666,10.428230285644531
1718922666,8.312690734863281
1718922666,6.723480224609375
1718922666,5.583953857421875
1718922666,4.858329772949219
1718922666,4.4290924072265625
1718922666,4.257904052734375
1718922666,4.6667022705078125
1718922666,6.0566253662109375
1718922666,7.962654113769531
1718922666,9.610633850097656
1718922666,11.102752685546875
1718922666,12.732841491699219
1718922666,14.16619873046875
1718922666,15.0655517578125
1718922666,15.382377624511719
1718922666,14.876487731933594
1718922666,13.343482971191406
1718922666,11.284156799316406
1718922666,9.533981323242188
1718922666,8.200271606445312
1718922666,7.0505218505859375
1718922666,6.0745086669921875
1718922666,5.2926788330078125
1718922666,4.78167724609375
1718922681,5.129158020019531
1718922681,7.237037658691406
1718922681,10.111412048339844
1718922681,12.387916564941406
1718922681,14.283721923828125
1718922681,15.911262512207031
1718922681,17.20409393310547
1718922681,18.535247802734375
1718922681,19.268531799316406
1718922681,18.43560028076172
1718922681,16.133544921875
1718922681,13.33837890625
1718922681,11.031211853027344
1718922681,9.035758972167969
1718922681,7.428657531738281
1718922681,6.375999450683594
1718922681,5.6887054443359375
1718922681,5.859893798828125
1718922681,7.0684051513671875
1718922681,8.634620666503906
1718922681,9.881462097167969
1718922681,10.635185241699219
1718922681,11.174293518066406
1718922681,11.6827392578125
1718922681,12.037879943847656
1718922681,11.9765625
1718922681,11.3863525390625
1718922681,10.249382019042969
1718922681,8.747039794921875
1718922681,7.461875915527344
1718922681,6.54974365234375
1718922681,5.801124572753906
1718922681,5.11383056640625
1718922681,4.63604736328125
1718922681,4.845558166503906
1718922681,5.9544219970703125
1718922681,7.566627502441406
1718922681,9.05108642578125
1718922681,10.22894287109375
1718922681,11.263717651367188
1718922681,12.188629150390625
1718922681,12.794158935546875
1718922681,12.727729797363281
1718922681,11.869247436523438
1718922681,10.670951843261719
1718922681,9.505874633789062
1718922681,8.379119873046875
1718922681,7.4082183837890625
1718922681,6.6187286376953125
1718922681,5.995307922363281
1718922681,6.08984375
1718922681,7.165496826171875
1718922681,8.588630676269531
1718922681,9.858467102050781
1718922681,11.041427612304688
1718922681,12.145187377929688
1718922681,13.128868103027344
1718922681,13.652641296386719
1718922681,13.328155517578125
1718922681,12.329147338867188
1718922681,10.992881774902344
1718922681,9.794593811035156
1718922681,8.813468933105469
1718922681,7.886009216308594
1718922681,6.989204406738281
1718922681,6.079620361328125
1718922681,5.443428039550781
1718922681,5.604393005371094
1718922681,6.503753662109375
1718922681,7.61517333984375
1718922681,8.688278198242188
1718922681,9.743492126464844
1718922681,10.773155212402344
1718922681,11.572868347167969
1718922681,11.708282470703125
1718922681,10.880462646484375
1718922681,9.120071411132812
1718922681,7.39544677734375
1718922681,6.319793701171875
1718922681,5.4945220947265625
1718922681,4.827667236328125
1718922681,4.3447723388671875
1718922681,3.9717483520507812
1718922681,3.8414382934570312
1718922681,4.4009857177734375
1718922681,5.509857177734375
1718922681,6.7464752197265625
1718922681,7.926887512207031
1718922681,9.005096435546875
1718922681,9.968330383300781
1718922681,10.793594360351562
1718922681,11.197288513183594
1718922681,10.826812744140625
1718922681,9.452217102050781
1718922681,7.7122650146484375
1718922681,6.416877746582031
1718922681,5.484306335449219
1718922681,4.794456481933594
1718922681,4.2911224365234375
1718922681,3.8593292236328125
1718922681,3.71624755859375
1718922681,4.306449890136719
1718922681,5.325897216796875
1718922681,6.40155029296875
1718922681,7.5564117431640625
1718922681,8.772590637207031
1718922681,9.894233703613281
1718922681,10.709281921386719
1718922681,11.036323547363281
1718922681,10.599418640136719
1718922681,9.477767944335938
1718922681,8.197715759277344
1718922681,7.0862884521484375
1718922681,6.123054504394531
1718922681,5.277351379394531
1718922681,4.638603210449219
1718922681,4.301338195800781
1718922681,4.421424865722656
1718922681,5.175148010253906
1718922681,6.330009460449219
1718922681,7.4363250732421875
1718922681,8.49920654296875
1718922681,9.541648864746094
1718922681,10.402679443359375
1718922681,11.041427612304688
1718922681,11.243278503417969
1718922681,10.637741088867188
1718922681,9.168617248535156
1718922681,7.518089294433594
1718922681,6.301902770996094
1718922681,5.415321350097656
1718922681,4.664154052734375
1718922681,4.086723327636719
1718922681,3.7085800170898438
1718922681,3.539947509765625
1718922681,3.8235549926757812
1718922681,4.587501525878906
1718922681,5.566062927246094
1718922681,6.519081115722656
1718922681,7.420997619628906
1718922681,8.412338256835938
1718922681,9.334693908691406
1718922681,9.919784545898438
1718922681,9.884017944335938
1718922681,8.94122314453125
1718922681,7.451652526855469
1718922681,6.1307220458984375
1718922681,5.305458068847656
1718922681,4.7970123291015625
1718922681,4.385658264160156
1718922696,4.186363220214844
1718922696,4.472526550292969
1718922696,5.2288055419921875
1718922696,6.171600341796875
1718922696,7.012199401855469
1718922696,7.8144683837890625
1718922696,8.703605651855469
1718922696,9.406227111816406
1718922696,9.541648864746094
1718922696,8.992317199707031
1718922696,8.011199951171875
1718922696,6.938102722167969
1718922696,6.031074523925781
1718922696,5.341224670410156
1718922696,4.799568176269531
1718922696,4.385658264160156
1718922696,4.140373229980469
1718922696,4.3652191162109375
1718922696,5.175148010253906
1718922696,6.151161193847656
1718922696,7.06329345703125
1718922696,8.031639099121094
1718922696,9.061302185058594
1718922696,9.947891235351562
1718922696,10.387351989746094
1718922696,10.065422058105469
1718922696,8.879898071289062
1718922696,7.359672546386719
1718922696,6.186927795410156
1718922696,5.346336364746094
1718922696,4.697364807128906
1718922696,4.204254150390625
1718922696,3.9232025146484375
1718922696,4.10205078125
1718922696,4.577278137207031
1718922696,5.1700439453125
1718922696,5.921211242675781
1718922696,6.703041076660156
1718922696,7.474647521972656
1718922696,8.335685729980469
1718922696,9.209495544433594
1718922696,9.659172058105469
1718922696,9.388343811035156
1718922696,8.445549011230469
1718922696,7.311134338378906
1718922696,6.363227844238281
1718922696,5.571174621582031
1718922696,4.922203063964844
1718922696,4.352439880371094
1718922696,3.86187744140625
1718922696,3.780120849609375
1718922696,4.352439880371094
1718922696,5.323341369628906
1718922696,6.3325653076171875
1718922696,7.260032653808594
1718922696,8.149169921875
1718922696,8.984657287597656
1718922696,9.707717895507812
1718922696,10.19061279296875
1718922696,10.055198669433594
1718922696,9.127738952636719
1718922696,7.852790832519531
1718922696,6.720924377441406
1718922696,5.767913818359375
1718922696,4.996299743652344
1718922696,4.4342041015625
1718922696,3.9615249633789062
1718922696,3.6038284301757812
1718922696,3.486297607421875
1718922696,3.9615249633789062
1718922696,4.876213073730469
1718922696,5.806236267089844
1718922696,6.777137756347656
1718922696,7.827239990234375
1718922696,8.910560607910156
1718922696,9.855911254882812
1718922696,10.530433654785156
1718922696,10.543205261230469
1718922696,9.554420471191406
1718922696,8.064857482910156
1718922696,6.779693603515625
1718922696,5.811347961425781
1718922696,5.0218505859375
1718922696,4.4009857177734375
1718922696,3.907867431640625
1718922696,3.4965133666992188
1718922696,3.539947509765625
1718922696,4.155708312988281
1718922696,5.00396728515625
1718922696,5.967201232910156
1718922696,7.014747619628906
1718922696,8.177276611328125
1718922696,9.258041381835938
1718922696,10.055198669433594
1718922696,10.573867797851562
1718922696,10.461448669433594
1718922696,9.477767944335938
1718922696,8.092964172363281
1718922696,6.9023284912109375
1718922696,5.969757080078125
1718922696,5.1470489501953125
1718922696,4.5210723876953125
1718922696,4.040733337402344
1718922696,3.6574783325195312
1718922696,3.5195083618164062
1718922696,3.872100830078125
1718922696,4.8148956298828125
1718922696,6.013191223144531
1718922696,7.1143951416015625
1718922696,8.190048217773438
1718922696,9.255485534667969
1718922696,10.108856201171875
1718922696,10.757827758789062
1718922696,10.839584350585938
1718922696,9.998992919921875
1718922696,8.655059814453125
1718922696,7.357124328613281
1718922696,6.248252868652344
1718922696,5.2926788330078125
1718922696,4.590057373046875
1718922696,4.073944091796875
1718922696,3.6012725830078125
1718922696,3.3355484008789062
1718922696,3.6600341796875
1718922696,4.490409851074219
1718922696,5.4868621826171875
1718922696,6.536964416503906
1718922696,7.571739196777344
1718922696,8.51708984375
1718922696,9.321914672851562
1718922696,10.085861206054688
1718922696,10.658180236816406
1718922696,10.640296936035156
1718922696,9.986213684082031
1718922696,8.938667297363281
1718922696,7.7122650146484375
1718922696,6.6263885498046875
1718922696,5.760246276855469
1718922696,5.042289733886719
1718922696,4.490409851074219
1718922696,4.035621643066406
1718922696,3.723907470703125
1718922696,3.86187744140625
1718922696,4.6130523681640625
1718922696,5.7168121337890625
1718922696,6.8486785888671875
1718922696,7.929443359375
1718922696,8.969322204589844
1718922696,9.907012939453125
1718922696,10.538093566894531
